lens_id,C390,C814,DeltaC
J1627,0.028,0.647,0.619
J0737,0.036,0.231,0.195
J0912,0.0075,0.0499,0.0424
J1630,0.072,0.894,0.8220000000000001
J0252,0.0466,0.0951,0.0485
J0903,0.01904,0.233942,0.214902
J0956,0.040809,0.057547,0.016738000000000003
J0959,0.005698,0.340043,0.334345
J1430,0.019097,0.032403,0.013306000000000002
J2341,0.009895,0.196799,0.18690400000000001
