lens_id,C390,C814,A_chrom,DeltaC,lens,sigma_kms,R
J0737,0.036,0.231,6.416666666666668,0.195,J0737,338,6.416666666666668
J0912,0.0075,0.0499,6.653333333333333,0.0424,J0912,325,6.653333333333333
J1630,0.072,0.894,12.416666666666668,0.8220000000000001,J1630,290,12.416666666666668
J0252,0.0466,0.0951,2.040772532188841,0.0485,J0252,230,2.040772532188841
J0903,0.01904,0.233942,12.28686974789916,0.214902,J0903,270,12.28686974789916
J0956,0.040809,0.057547,1.4101546227547843,0.016738,J0956,300,1.4101546227547843
J0959,0.005698,0.340043,59.67760617760617,0.334345,J0959,310,59.67760617760617
J1430,0.019097,0.032403,1.6967586531916008,0.013306,J1430,240,1.6967586531916008
J2341,0.009895,0.196799,19.888731682668016,0.186904,J2341,280,19.888731682668016
